Country,Number of firms,Sum of Market Cap (in US $),Sum of Total Debt incl leases (in US $),Sum of Firm Value (in US $),Sum of Cash,Sum of Enterprise Value (in US $),Average of Current PE,Average of Trailing PE,Average of Forward PE,Average of PEG,Average of PBV,Average of PS,Average of Cash/ Firm Value,Average of EV/EBIT,Average of EV/EBITDA,Average of EV/Invested Capital,Average of EV/Sales,Average of Payout ratio,Average of Dividend Yield,Average of Historical growth in Net Income - Last 5 years,Average of Historical growth in Revenues - Last 5 years,Average of Expected growth rate in EPS- Next 5 years,Average of Expected growth in revenues - Next 2 years,Average of Return on Equity,Average of Return on Capital (ROC or ROIC),Average of Net Profit Margin,Average of Pre-tax Operating Margin,Average of Effective Tax Rate,Average of % held by institutions,Aggregate PE,Aggregate PBV,Aggregate EV/EBITDA,Aggregate EV/Invested Capital,Aggregate EV/Sales,Aggregate ROE,Aggregate ROC,Aggregate Net Margin,Aggregate Operating Margin,Aggregate Payout ratio,Aggregate Dividend Yield
Anguilla,2,22.832,0.503171412,23.33517141,0.171,23.16417141,,,,,420.3703704,202.6785714,0.077098768,,,1401.372497,202.3408162,,0,,-0.221,,,-1.824858757,-6.420464605,-9.877675841,-8.190930527,0,,,16.33190272,,75.16651613,70.83844468,-2.416309013,,-10.33027523,-8.496740924,,0
Argenti,68,61583.666,35940.86691,97524.53291,7514.184,90010.34891,31.79118087,22.63481412,30.10121758,1.133640652,7.816934231,3.209263097,0.04730223,131.4801896,16.63845656,16.09924346,3.730706245,0.245112713,0.010695803,0.321668421,0.386288387,0.322605882,0.466823529,-0.066317724,0.076191359,0.414752466,-0.020583522,0.207291338,0.126384561,19.45547684,2.286837287,10.7284519,2.151453032,1.850843769,0.008819024,0.082608236,0.004883466,0.088720125,3.71929699,0.014343203
Australia,1531,1199318.071,1201020.738,2400338.809,155533.431,2244805.378,94.78155827,95.26867078,24.07830975,3.303697229,8.325801614,641.1381311,0.156280387,704.7606245,150.2757089,32.78933777,606.6443765,0.895534665,0.011513653,0.090769432,0.050763206,0.178747938,1.31981902,-1.074181169,-5.738862273,-95.54854913,-82.57378745,0.078806402,0.169214098,47.95869588,1.934488126,23.88877632,1.455712351,3.600663457,0.039091242,0.02840063,0.038873318,0.071815122,1.9701867,0.039812622
Austria,71,102221.754,115854.555,218076.309,23387.935,194688.374,24.54855054,19.08523125,43.88967124,2.407208509,1.568979971,1.676776372,0.098899992,671.4851233,143.528965,3.180719941,2.88760188,0.512581554,0.024935485,0.061042955,0.030075172,0.098068966,0.041819048,0.087633617,0.068583751,0.106876312,0.078179847,0.198043764,0.2063775,22.07260254,1.108551894,10.78850709,1.031027902,1.444229541,0.056558644,0.043389858,0.038688554,0.062488302,0.541186693,0.027611504
Azerbaijan,1,33.4,44,77.4,3.26,74.14,,,17.41176471,,0.422250316,0.42765685,0.042118863,24.71333333,3.051028807,0.618658211,0.949295775,,0,,-0.0166,,,-0.043341404,0.022844959,-0.047354497,0.03968254,0,0.4608,,0.404358354,4.05136612,0.564575084,0.980687831,-0.043341404,0.025033378,-0.047354497,0.03968254,,0
Bahamas,5,760.023,462.3661633,1222.389163,178.812,1043.577163,10.53780069,8.686968839,,,5.86403416,15.69384278,0.069757046,5.642857143,7.209082479,10.13592336,15.85990643,0.001175637,2.70667E-05,0.0107,-0.0202,,,-0.403090848,-0.233610096,-53.59755755,-51.40589422,0.029881423,0.092633333,,0.987012093,7.584136359,1.095040608,1.887051396,-0.069657569,0.052355293,-0.096991067,0.128269443,,0.000109207
Bahrain,22,17174.9,16593.38791,33768.28791,10521.22,23247.06791,13.25311286,14.46826633,19.20689655,,0.929640325,5.624763522,0.348524438,584.9222684,424.2513641,1.00823959,7.361357151,0.422585008,0.033666126,0.040607333,0.079297,-0.076,-0.0733,0.068618897,0.038162494,-0.017634927,0.062919709,0.034188284,0.154832,10.73471505,0.884041858,25.75310229,0.966294674,2.948653711,0.078526022,0.011770053,0.19350428,0.042135604,0.481030362,0.042728068
Bangladesh,293,35299.364,11412.49711,46711.86111,8694.325,38017.53611,25.57607332,40.8219333,16.45899733,1.939934037,3.143376487,8.927577069,0.218886192,22.52807663,38.95368604,2.106242598,12.42068491,0.606464444,0.018998082,0.035505769,0.064350965,0.2564,0.11805,0.572139177,0.477412591,0.11381429,0.103633596,0.196514628,0.0944847,13.51000658,2.170086182,12.61524722,2.09779121,2.427639497,0.166267253,0.119413124,0.172701794,0.161396662,0.386538217,0.029615712
Barbados,3,2429.5,756.1935937,3185.693594,1854.8,1330.893594,14.17071149,9.98579772,7.537313433,,0.876069853,1.890063705,0.386233828,40.28047241,25.43918862,0.659339042,1.415224759,0.388383223,0.039101716,0.5975,0.0014,,-0.00594,0.132652196,0.166241065,0.157347418,0.193293486,0.17700976,0.4593,13.52803608,1.277541147,5.26669408,1.50096223,0.783339373,0.113061997,0.297484972,0.126550912,0.175495751,0.357378727,0.031627907
Belgium,144,416566.084,540572.652,957138.736,47446.659,909692.077,67.01203246,74.22525281,18.52765595,5.01744719,2.16757223,883.6852439,0.073868523,1315.770607,297.7712967,2.729241412,733.0631369,0.439786841,0.017867682,0.04492961,0.075950381,0.102225833,0.760116875,0.063953211,-0.234155612,-7.866467617,-6.329406918,0.131009603,0.171637951,18.74289897,2.189192237,24.58523113,1.522481899,4.665142408,0.077068579,0.038536485,0.075205197,0.13093607,0.977644605,0.034417115
Belize,1,7.99,0,7.99,171.2,-163.21,13.31666667,,,,0.142678571,0.327459016,21.42678348,,,,,,0,,,,,-0.05451448,,-0.14159292,0,0,0.0435,,0.136115843,,,,-0.05451448,,-0.14159292,0,,0
Benin,1,268.7,15.8,284.5,20.9,263.6,12.85645933,12.85645933,,,2.481071099,2.044901065,0.073462214,,,2.554263566,2.00608828,0,0,0.137,0.311,,,0.184955752,0,0.159056317,0,0.062162162,,12.85645933,2.377876106,,2.855904659,2.00608828,0.184955752,0,0.159056317,0,0,0
Bermuda,89,219556.175,161460.1432,381016.3182,45923.146,335093.1722,12.79171592,12.88527459,26.98194844,4.768188116,1.122609867,3.394687498,0.153271696,17.81883931,71.96129518,2.80475591,5.458982719,0.412895626,0.027271193,0.142120313,0.047382,0.001952778,0.024745455,-0.012236681,0.629720822,-0.283357691,0.104272685,0.052856175,0.439406914,16.70747536,1.105625253,10.92947871,1.053778825,1.937526659,0.075686211,0.059927924,0.086903363,0.142383289,0.31480706,0.021550298
Botswa,13,3204.6,633.52494,3838.12494,692.959,3145.16594,21.65336411,20.74192958,10.19301471,1.214285714,2.277976804,2.45759775,0.149763688,147.4183704,81.20988212,56.89514841,2.436133687,0.618696767,0.038112542,0.03115,0.091898571,0.06,0.07395,0.204237536,3.627625367,0.134089517,0.157547622,0.204584424,0.316419091,15.33550913,2.277935741,19.52549007,2.802124431,1.546143909,0.158768837,0.087057763,0.109800413,0.060261927,0.64079765,0.044662672
Brazil,181,405682.124,436656.5214,842338.6454,51114.314,791224.3314,66.39938074,54.28043444,24.86389629,4.035524982,2.457207205,10.3532828,0.102816284,19.82430911,18.47917712,2.428303066,15.65282785,0.725637209,0.022802823,-0.010315,0.065289733,0.157798718,0.040815,0.024889881,0.141806297,0.831614596,-2.673896255,0.14141995,0.300672765,118.9310811,2.252229271,19.57543376,1.712726615,2.545918432,0.044838054,0.061199003,0.025987522,0.111892732,1.45086644,0.028884283
British Virgin Islands,24,1488.823,1155.563037,2644.386037,611.848,2032.538037,23.89176703,9.1876706,24.61229947,,0.854939383,215.6890764,0.208716635,11.62378731,11.25202468,1.135229997,197.9879945,0.091449814,0.00354018,0.167,0.1172,,0.0065,-0.304440783,-0.212713768,-11.11161904,-13.21170939,0.089038056,0.193225263,-30.80344692,0.589712979,24.70419978,0.713828204,4.496417395,0.012981169,0.017782309,0.072501023,0.119039881,1.12592683,0.024784679
Bulgaria,112,4392.893,1531.136787,5924.029787,2163.71,3760.319787,203.5746725,71.64829605,16.4504924,,1.483978185,17.06973507,0.129624182,34.19221283,12.95645813,1.772341902,18.6394768,0.513458473,0.005877459,0.059223529,-0.019464242,,0.122816667,-0.030365101,0.008673451,-0.300689466,-0.02148259,0.044635536,0.091239884,30.74985125,1.109162644,10.8915221,1.03072562,0.582816947,0.059978301,0.038944814,0.036817724,0.021031864,0.225033362,0.012168746
Burki Faso,2,891.6,2.66,894.26,20.7,873.56,13.78727435,12.85554802,15.37096774,,2.957524272,1.76650234,0.04201169,8.911966988,,3.50621504,1.736664431,0,0,0.315,0.746,,,0.244200244,0,0.126017246,0.141055491,0.235372727,0.00007,14.35748792,10.88644689,7.716961131,13.06746447,1.559928571,0.829059829,1.129583592,0.12125,0.129821429,0,0
Cambodia,1,1421.3,18.51101988,1439.81102,135.3,1304.51102,8.234646582,7.222052846,8.14084507,,1.644452158,2.821719277,0.093970666,6.565632344,5.290202441,1.745139517,2.589857097,0.526422764,0.072891015,0.233,0.222,,0.142,0.290222681,0.38723338,0.370830978,0.374388159,0.035441176,0.1972,8.234646582,2.096003539,5.862970876,2.635849612,2.458095007,0.290222681,0.265799153,0.370830978,0.374388159,0.526422764,0.072891015
Cameroon,1,691.3,0.133393718,691.4333937,0,691.4333937,26.58846154,26.58846154,,,,1.138692143,0,11.84705357,6.48685049,5183.402967,1.138911866,1.342307692,0.050484594,,,,,,218.7633801,0.042826552,0.096134609,0.5,0.00056,26.58846154,,6.492332335,5183.402967,1.138911866,,437.5267601,0.042826552,0.096134609,1.342307692,0.050484594
Cada,2769,1891093.512,1571582.765,3462676.277,181061.794,3281614.483,114.8846425,80.82780672,37.95685204,20.2276814,8.08963419,114.4475621,0.135955716,145.7922165,134.5561772,21.60773685,118.508696,0.758546715,0.005259948,0.104873059,0.087207188,0.099486828,0.314177387,-1.425646421,-2.323879984,-10.93411454,-9.494871055,0.036545908,0.17002185,237.2087061,1.965674425,18.81472591,1.543020049,2.876782053,0.029124693,0.030380612,0.024563043,0.062472,1.627185503,0.024109424
Cayman Islands,47,19530.606,8994.387866,28524.99387,3777.18,24747.81387,16.8466399,15.25390251,13.79263272,1.608285284,2.811107725,3.398093043,0.191781951,14.27486557,9.886646261,2.917359655,3.644611152,0.376328127,0.017376874,0.151053846,0.031898636,0.216333333,0.157646154,0.031171777,0.084757608,-0.273618407,-0.159090959,0.115010132,0.211294839,,2.465335343,19.51181761,2.08125046,1.92433349,-0.080697149,0.077771017,-0.04970973,0.079825047,,0.009594787
Channel Islands,88,38381.732,15488.57835,53870.31035,12143.866,41726.44435,48.6140563,21.36054936,17.4614541,5.918784927,2.444951056,188.6018848,1.261942336,24.33656933,18.13529058,8.757928857,183.0189243,0.467240899,0.013632514,0.106288947,0.0737985,0.212597778,0.374131563,-8.45056715,-0.066610443,-0.612106777,-0.206242613,0.073391789,0.316809878,30.64189559,1.266098301,15.7145117,1.159298717,2.695241221,0.048796915,0.077251026,0.095551117,0.168313595,0.573937809,0.022120237
Chile,145,189887.295,187016.7312,376904.0262,28201.647,348702.3792,61.59488733,32.95944619,23.52609082,2.45838235,1.289118237,30.87617909,0.106188634,58.13917067,39.2386159,1.882479716,32.75822268,0.731337886,0.036529073,-0.020398636,0.01907,0.10875,0.02672037,0.048756682,0.037610029,-3.397354149,-0.109862712,0.143957866,0.386894173,19.09465327,1.440506077,14.08220337,1.336720872,2.094810495,0.092564284,0.055394796,0.073301707,0.103145249,0.595037314,0.038236009
Chi,3651,8590639.311,5728780.095,14319419.41,2160012.022,12159407.38,140.5512513,187.5040023,57.51994161,4.174717982,17.75322247,17.51478793,0.130972085,313.509873,110.9429587,15.53630081,18.14366309,1.294037761,0.016160402,0.079595181,0.093180448,0.263159426,0.224555495,0.05600711,7.929170803,-0.156673012,-0.107637464,0.156077288,0.120080282,18.63570926,2.068203467,23.59730915,1.751048724,2.329481215,0.108604449,0.036495,0.086422464,0.060129121,0.502771128,0.026401262
Colombia,40,92581.8,99315.66786,191897.4679,30002.263,161895.2049,16.19226649,22.16078965,30.32242457,0.220126097,1.169928019,1.593677369,0.09157459,105.0291074,187.8358914,7.229363882,2.58517101,0.472159526,0.021434723,0.142419048,0.164839643,0.433333333,0.0811,0.119901472,-0.185630522,0.192119127,0.182956616,0.228481542,0.217148182,36.68734533,1.336351155,14.72967694,1.34866051,1.661204452,0.058872572,0.059958814,0.041851125,0.09249185,0.912219954,0.040187592
Croatia,100,20027.704,6506.211603,26533.9156,2119.019,24414.8966,315.4907119,16.68283825,15.05157089,2.493943798,1.123725078,3.856156598,0.049517551,75.37075487,31.98418812,1.142797036,6.576120344,0.29197269,0.008316897,0.221387419,0.005344561,0.048,0.0706825,-0.034639026,1.436755244,-0.155903455,-0.183776148,0.056002417,0.184142333,56.88751285,1.377506448,16.75264077,1.279316172,1.811593655,0.039374445,0.005787578,0.042477395,0.00887919,0.457167113,0.013067599
Curaçao,4,15662.7,6658.692529,22321.39253,2471.44,19849.95253,21.78821982,75.84772347,20.63901099,,6.231849616,1.134830566,0.082566832,13.94554925,8.427562765,2.597264362,1.368437117,0.049633883,0.089528635,-0.21955,0.063825,0.182,0.01835,0.099766361,0.11110692,0.022468496,0.099637852,0.387469391,0.351953333,23.27133172,2.071627054,9.380574617,1.946568334,1.969612579,0.105627757,0.12859877,0.079241821,0.162288079,0.188578362,0.0096152
Cyprus,70,7588.46,17114.80088,24703.26088,6492.056,18211.20488,15.97362443,14.18608276,6.689616847,0.099659975,1.808865912,4.863729967,0.28734697,66.24853718,32.74716973,1.597410527,11.99920573,0.205541192,0.010138775,0.19062,-0.066778913,0.41,0.081455556,-0.053248193,0.318430974,0.018930314,-0.042729378,0.041457025,0.20037,-20.02432962,0.482910749,9.247073416,0.639739804,2.423435598,0.024324868,0.057789909,0.050866291,0.215377914,0.190520117,0.009596756
Czech Republic,11,23394.16,11410.83407,34804.99407,8051.39,26753.60407,13.33287905,15.60658531,14.31432237,9.548888445,1.924550853,2.677249935,0.156884186,30.57042696,17.65560407,2.814078981,7.10392709,0.523548241,0.037563083,0.126116667,-0.0119475,-0.01787,0.023176667,0.154600253,0.162176254,0.129852621,0.145354064,0.181510018,0.177744444,10.63326926,1.245053005,7.097971731,1.189150857,1.686870918,0.107019328,0.079593164,0.126788946,0.113559656,0.707607889,0.060822889
Denmark,149,344896.563,375323.1475,720219.7105,57573.758,662645.9525,48.09439199,25.18149359,26.37116447,4.27375034,3.189565172,8.567090625,0.142627942,332.8269145,214.4943755,8.423303518,10.10593775,0.325184094,0.025875929,0.192072308,0.063134661,0.129153571,0.136422745,-0.068118992,0.256001451,-0.587688369,-0.629671975,0.128770143,0.191827398,32.78323328,2.628638781,20.71187952,1.488572404,3.939436549,0.085236958,0.053750587,0.066487263,0.140451027,0.777362069,0.025206954
Dominican Republic,1,0.121,0,0.121,0,0.121,,,,,,,0,,,,,,0,,,,,,,,,0,,,,,,,,,,,,0
Ecuador,2,1033.2,26.7,1059.9,0,1059.9,3.976119403,5.285714286,,,0.319884726,0.516880093,0,,,0.360866622,0.620488941,0,0,-0.144,-0.0967,,,0.063556116,0,0.104738155,0,0.14305949,0.00701,30.84179104,2.605800757,,2.503897945,4.405236908,0.063556116,0,0.104738155,0,0,0
Egypt,195,29882.733,20950.48157,50833.21457,14194.342,36638.87257,12.54932739,22.18710951,16.40082759,0.910427627,0.788989907,3.458638451,0.425543894,42.41026706,71.76842499,0.993283528,9.91558163,0.564404743,0.076963175,0.171291951,0.126178406,0.17375,0.180933333,0.083726361,0.731290988,-0.188606452,-0.243314488,0.159307844,0.076184058,9.558602179,0.880043309,6.440511602,1.047035787,0.996633472,0.112893694,0.094609455,0.104274789,0.099634264,0.462541764,0.059335771
Estonia,17,2486.59,1407.625191,3894.215191,645.628,3248.587191,29.34023481,40.822999,11.38845151,1.427674794,1.368858924,1.590695701,0.151677293,13.42743156,24.81540341,1.46245947,1.68421164,1.066103924,0.029865439,0.007214286,-0.009747692,0.3,0.069844444,0.034465291,0.111279257,0.068053568,0.088513188,0.142992038,0.19945,13.68401068,1.26206186,8.318896181,1.101796703,1.065739515,0.089270959,0.092204566,0.057701922,0.080534532,0.577848278,0.040873646
Falkland Islands,1,12.1,0,12.1,0.532,11.568,,,,,0.412969283,,0.043966942,,,0.402113459,,,0,,,,,-0.013569024,-0.021791014,,,0,0.095,,0.407407407,,0.40012452,,-0.013569024,-0.021899333,,,,0
Finland,141,216222.86,65996.60719,282219.4672,21863.839,260355.6282,46.56311842,30.7443636,18.76202782,3.826747918,3.008034351,48.72695873,0.068105287,52.52098713,36.8758424,5.429336491,78.74230016,0.819372995,0.028286447,0.038701343,0.008586733,0.229816092,0.054818182,-0.03937698,0.466070674,-1.778688643,-1.621138701,0.164171065,0.277827619,12.59387458,2.217650866,13.73500844,1.992728194,1.517801882,0.112555072,0.098433608,0.063976668,0.078705796,0.758568955,0.038500552
France,712,1931739.098,2783038.303,4714777.401,607821.194,4106956.207,742.2242318,32.0498547,53.95173441,3.060095335,2.700220191,73.75832153,0.115550772,45.17851263,29.63523424,10.36550402,65.72538371,0.555015317,0.014818376,0.09793407,0.038653279,0.143721978,0.23353443,-0.024499797,0.10379415,-6.30235402,-7.910914438,0.149186251,0.179914838,20.45595101,1.487804335,16.02083012,1.213512948,1.943379916,0.081636321,0.053271522,0.050156095,0.08067091,0.525134931,0.028814329
Gabon,1,741.3,344.6,1085.9,32,1053.9,,,,,0.440856378,0.647706422,0.029468644,,5.166176471,0.528509102,0.920838794,,0.027384325,,-0.126,,,-0.007269399,-0.037010977,-0.01381781,-0.080757421,0,0.0104,,0.39917075,4.530954428,0.494370954,1.078710338,-0.007269399,-0.039566722,-0.01381781,-0.080757421,,
Georgia,2,1443.2,737.4192669,2180.619267,376.8,1803.819267,39.16906985,17.19088497,23.83783784,1.049937025,2.013762989,4.927513727,0.129918475,362.6802356,295.495282,1.739834928,5.987683495,0,0,0.309,0.207,0.309,0.4845,0.252546689,1.655133061,0.308908254,0.076067492,0.027265501,0.87385,14.48850517,3.062818336,78.08741416,2.62878719,4.512932867,0.296901528,0.020191374,0.350012509,0.059434943,0,0
Germany,664,1653861.758,2135917.766,3789779.524,345722.553,3444056.971,62.10526325,47.30521597,29.79087763,2.7599081,6.860226754,34.79249018,0.17768657,180.7933628,51.66144138,6.000442728,36.69969863,1.122115579,0.230615904,0.094888515,0.033588881,0.171103611,0.224163587,-0.045804444,-2.370355741,-4.40399413,-4.29810438,0.153758622,0.213890436,22.32444575,1.881054448,15.03838294,1.390060367,1.611895,0.096618036,0.065519362,0.039757811,0.078288634,0.515384735,0.0264721
Gha,23,2364.765,642.003,3006.768,1046.276,1960.492,9.1433899,8.785088459,9.531518218,0.296976197,2.035597714,1.393071077,0.200835587,7.115648105,5.932619608,2.401622695,1.27765082,0.248723865,0.037945595,0.261515385,0.23414375,0.2568,0.119942857,0.392619296,0.238586864,0.08698375,0.062814205,0.199026433,0.19543,8.835849839,2.245378239,14.96855865,2.26424761,0.553525155,0.281960177,0.137111379,0.083841404,0.03375289,0.45034551,0.056551497
Gibraltar,7,1158.66,21.50688092,1180.166881,154.442,1025.724881,69.66333254,31.04550474,16.38429173,,10.05556509,1.363200732,0.042784098,19.22074355,9.441958812,29.42472808,1.652604992,0.776117318,0.006356096,0.101,0.1825,,0.18175,-0.698231553,0.043838612,-0.424696675,-0.322159949,0.02415981,0.111175,104.8561086,6.423866761,16.65949133,26.56775914,1.678791602,0.123353366,1.329527427,0.036414671,0.08664892,0.373949391,0.007180709
Greece,180,40115.759,140454.6489,180570.4079,17151.223,163419.1849,36.68324582,27.63914587,13.90601132,2.418926307,1.015413543,3.011352406,0.136217137,64.32113659,45.48687614,1.24719549,6.715344852,0.216478837,0.013759803,0.09966537,-0.02191811,0.320036842,0.009040465,-7.519782897,-0.06653952,-1.08097407,-0.409073012,0.137769791,0.129838261,,0.616982687,18.52593756,0.735725587,2.477110223,-0.104531731,0.026141494,-0.103022591,0.080521578,,0.022721821
Greenland,1,156.9,3.64,160.54,23.6,136.94,14.80188679,14.39449541,,,1.149450549,4.150793651,0.147003862,,,1.175047194,3.622751323,1.370642202,0.095219885,0.0466,0.0348,,,0.081161579,0,0.27735369,0,0.31875,0.3018,14.80188679,1.16827997,,2.219808721,3.484478372,0.081161579,0,0.27735369,0,1.370642202,0.095219885
Hong Kong,1347,1686496.633,891558.2206,2578054.854,343767.157,2234287.697,261.2279302,68.73953145,17.16701855,4.962313234,3.954066194,64.38667761,0.176802061,161.3309564,104.5589603,48.67021035,66.64300722,0.421799429,0.014592609,0.011274091,0.06986272,0.131373826,0.164483136,-0.064071707,-0.978884167,-1.768360337,-0.563208321,0.122163581,0.115174323,13.93724819,1.093158254,10.31754233,1.15714366,1.834385687,0.06523212,0.062432294,0.082625765,0.113022361,0.415626448,0.02480171
Hungary,37,37203.659,10154.81432,47358.47332,5608.811,41749.66232,387.369838,398.2165814,14.20216193,1.461428222,42.44548125,155.5694756,0.066025199,314.9238487,291.3808187,44.84280537,156.1347131,0.357693061,0.014392414,0.039271429,-0.037730769,0.22475,0.00236,0.088245412,0.103243148,0.070650529,0.051979939,0.099150959,0.183414762,-110.2497237,1.427970758,12.94714524,1.426523481,2.04506399,0.013914667,0.04922661,0.017757961,0.049619773,1.370552733,0.013355165
Iceland,18,8388.1,3556.040203,11944.1402,509,11435.1402,20.42080554,25.99883698,,,2.359106708,2.360617115,0.045095617,16.15036964,11.34639418,2.3936701,4.109958627,0.399958816,0.024227554,0.14738,0.032114286,,0.0832,0.163584546,0.154759147,0.153362748,0.187939339,0.175581295,0.583666667,15.57357722,2.385463294,12.98208551,2.539874473,1.770337374,0.151146078,0.125467726,0.082281517,0.109811119,0.311092965,0.019711258
India,3432,1562764.473,577147.6082,2139912.081,98169.507,2041742.574,256.520577,123.3065232,20.13922406,7.63748003,8.639854775,23.94826458,0.058055983,291.9285119,138.4972806,221.3424475,37.41426339,0.083910178,0.002918009,0.097197953,0.091484522,0.252411722,0.138347295,-0.018163104,22.17527369,-0.5325957,-0.719073527,0.168864164,0.133293681,29.56006915,3.930412781,14.81661857,2.560314516,2.01265272,0.127476385,0.108643109,0.049963513,0.097399688,0.304001102,0.009859769
Indonesia,471,403551.644,120216.3256,523767.9696,52698.273,471069.6966,158.9101491,58.99837514,20.23006797,1.969242051,3.4632077,12.78047456,0.123131459,52.92315518,23.31765231,3.411396011,14.272309,0.218273202,0.009735741,0.096303598,0.091710866,0.231214516,0.116051029,0.084344058,0.091788403,0.054488132,-0.052077691,0.179055299,0.153347507,33.55052982,3.075555978,17.6064338,2.546133436,2.532384767,0.124622377,0.078251851,0.087905498,0.101835891,0.443061397,0.01795297
Ireland,83,598607.226,259000.6328,857607.8588,46650.755,810957.1038,71.57051908,82.28446036,23.21546942,6.775160172,2.7326416,204.9993532,0.141179938,31.36722292,82.42014995,3.84365119,191.7368364,0.350831829,0.007628341,0.158660606,0.107096364,0.152463333,0.391689649,0.203853187,-0.040380523,-20.57493502,-26.38434153,0.100392164,0.494947123,28.48720112,2.178484375,16.05025805,2.359067632,2.611069238,0.117257624,0.095964837,0.103740683,0.112709428,0.261870688,0.014095274
Isle of Man,15,4242.03,1168.828218,5410.858218,1121.791,4289.067218,9.122509508,11.69423509,11.30968093,0.338576779,1.173194701,1.980856519,0.255296674,8.525026447,16.81753681,2.419983681,2.269125675,0.221989581,0.014402158,0.178375,0.06001,0.3,0.144433333,-0.675984349,-0.526928501,-0.505258124,-0.474094416,0.064440589,0.266741667,19.5549235,1.729888153,9.795745616,1.922045142,3.071830004,0.08153702,0.157040312,0.143200612,0.265120455,0.601645452,0.028358121
Israel,489,173091.155,185552.9658,358644.1208,91269.142,267374.9788,40.04889696,27.11480752,47.92362296,5.166043892,2.581847788,174.5829542,0.184862275,54.70675107,24.6140118,7.414565362,172.9930323,0.464612715,0.021759135,0.081031225,0.069491368,0.225380645,0.910058286,-0.542382202,-0.946667094,-77.34961234,-73.60036467,0.12121364,0.174920773,16.80769816,1.871735825,12.25558292,1.433590094,1.827978651,0.091737065,0.064162169,0.05799967,0.09543947,0.420620918,0.020615371
Italy,300,516794.37,1047823.848,1564618.218,91455.79,1473162.428,60.93606946,39.03075466,20.67514834,3.987815671,2.677233975,10.51820608,0.105322497,1446.79423,889.8873978,2.922143267,12.67356477,0.437525892,0.018124481,0.090984537,-0.010303398,0.188324493,0.068219157,0.008804623,0.100239876,-0.264276674,-0.187289034,0.205887783,0.15269166,34.80786596,1.08385497,16.35698464,1.055261201,1.98563836,0.022124517,0.035989369,0.014219028,0.067378856,1.754120472,0.035806513
Ivory Coast,30,5282.96,90.84,5373.8,68.93,5304.87,22.74794186,22.30498443,18.71718147,1.645066786,5.491256556,1.741705505,0.024282828,22.34158324,11.06971218,7.537937967,1.738533936,0.34683124,0.011304112,0.112385714,0.071825,0.147,,0.221524976,0.26618389,0.08147807,0.08249736,0.148919048,0.005593333,22.62625917,15.8976859,11.67316536,14.87587245,1.284845476,0.671415245,0.857682112,0.05403943,0.072091165,0.374775679,0.015828096
Jamaica,48,5672.983,4392.996427,10065.97943,1548.944,8517.035427,22.96525161,35.9493218,,,4.349560683,4.237914295,0.094149564,217.895689,82.75617027,4.011408188,5.731395828,1.915181604,0.019780453,0.14368,0.109390625,,,0.193875969,0.190358415,0.218216885,0.148276242,0.105091007,0.142842222,11.29234992,1.866825784,19.63925766,1.186894316,2.1972126,0.182054396,0.062610491,0.142722515,0.103652568,0.345373025,0.033681063
Japan,3679,4918286.03,5988524.332,10906810.36,4034925.147,6871885.215,39.05283867,28.64556374,34.40778464,14.21951047,1.725456548,2.136836743,0.330966779,606.914945,256.6310888,4.421642808,2.263856854,0.377745647,0.01566638,0.138882189,0.041322345,0.102827425,0.06575226,0.065072785,1.612269202,-0.030419984,0.002596661,0.28119861,0.170561147,17.5808435,1.316274932,9.692009581,1.129581305,0.928761799,0.078843944,0.074867007,0.039816581,0.063983436,0.413576629,0.02477295
Jordan,177,23523.045,4567.37876,28090.42376,16273.024,11817.39976,185.012662,86.61033449,13.8496454,0.575714433,1.116350647,101.8148112,0.187473333,46.66974644,29.775422,1.235008805,112.1147822,0.99413775,0.020401779,-0.061825,-0.031091304,0.225,-0.002218889,0.031436304,0.055819025,-0.985691465,-0.357223767,0.101274552,0.078651364,14.92536381,1.072001319,7.429383175,1.696322014,0.801980048,0.06437086,0.070952592,0.095858178,0.05342626,0.685161101,0.041142123
Kazakhstan,10,4795.92,1784.676,6580.596,1238.131,5342.465,70.48350222,59.78239178,,,20.53427112,14.82467497,0.158247255,18.86692326,10.4367208,4.520934397,14.75922622,0.143634121,0.012016593,0.300075,0.1675,,,-0.068366291,-0.067880202,0.114849814,0.105193578,0.159016946,0.192878571,22.78206097,1.056575774,7.866063291,1.0116002,3.006604161,0.101558101,0.09466696,0.259430134,0.264398872,0.322414661,0.030990509
Kenya,56,18509.478,6526.859867,25036.33787,1572.147,23464.19087,14.5045968,17.04281599,8.585636213,1.070252892,1.205966933,1.45350045,0.083489985,102.4233119,42.84602401,29.6629224,1.822005702,0.31937298,0.030480832,0.096590909,0.084706977,0.115090909,0.0364135,-0.005270063,3.386525447,0.014604505,0.012554638,0.185385084,0.108306512,13.33118079,2.342533044,11.53119889,1.813613967,1.840640233,0.205463533,0.111724248,0.127352222,0.122252302,0.434506297,0.03811054
Kuwait,159,75383.49,88397.12405,163780.6141,37647.145,126133.4691,25.13284952,20.68642858,11.36494472,1.263439158,0.865247866,58.92240582,0.143086656,75.2385899,55.65194958,0.941485866,60.71955732,0.488818268,0.029608858,0.070919524,0.031408492,0.066166667,0.018852667,0.026270712,0.052501238,-2.939554059,-3.655426403,0.017020797,0.16406505,15.95143649,1.083627503,21.66215576,1.095638411,3.396005153,0.066637605,0.025747395,0.124811213,0.088952102,0.642547204,0.0395134
Kyrgyzstan,1,41.4,0.136867639,41.53686764,2.06,39.47686764,,,,,1.182857143,,0.049594496,,,1.193488696,,,0,,,,,-0.10255814,-0.117607739,,,0,0.4745,,0.962790698,,1.039497728,,-0.10255814,-0.135030124,,,,0
Laos,1,307.2,164.1908399,471.3908399,10.4,460.9908399,7.314285714,8.702549575,,,0.875962361,0.781878341,0.022062372,27.16211424,17.23330243,0.91377445,1.173303232,0.013399433,0.001539714,0.112,0.178,,,0.108715738,0.03616881,0.101146132,0.048629891,0.041873278,0.3878,7.314285714,0.946104096,12.84097047,1.025356388,1.320890659,0.108715738,0.033641507,0.101146132,0.048629891,0.013399433,0.001539714
Latvia,16,742.137,261.7338165,1003.870817,153.055,850.8158165,21.63385123,21.70747086,7.946902655,1.154618474,0.651641178,0.605752417,0.094582063,10.78895734,5.847081043,2.341003842,0.86109639,0.428840763,0.015900874,-0.070728571,-0.035748462,0.066,0.085,-0.282612517,-0.142824498,-0.069808862,-0.034578541,0.105002969,0.156504,15.96611592,0.614542594,5.136163865,0.603383884,0.901955809,0.020622296,0.056870782,0.026400905,0.08003409,1.532163508,0.051415035
Lebanon,7,6758.1,6027.834248,12785.93425,18667.94,-5882.005752,8.170212642,24.89263169,14.34567176,,0.783764616,4.503213318,1.248252926,12.7799203,10.15749186,1.109373466,9.082496698,0.306216728,0.010931235,0.008728333,0.051858333,,0.1886,0.127574319,0.074199705,0.23709967,0.132937137,0.236076426,0.0422625,10.66013629,0.984213209,,,,0.11455181,,0.248387912,0.039594262,0.042589979,0.004957015
Liechtenstein,2,1791.5,3249.53405,5041.03405,7211.7,-2170.66595,11.98071845,13.02427398,13.32586973,,0.677531417,3.164053883,1.719559249,412.1404505,39.91575063,0.197629246,0.446627645,0.51959771,0.039919634,0.11495,-0.01195,,-0.01565,0.050763778,0.000527227,0.229324708,0.002267607,0.041185317,0.05705,12.22032742,0.662218608,,,,0.051121872,,0.23428765,0.002122971,0.522053507,0.040301423
Lithuania,29,3869.39,2137.491632,6006.881632,473.126,5533.755632,21.39487706,26.97427895,10.45421384,1.274465694,1.227907039,1.806219796,0.13085089,167.2467619,18.29967989,1.102345542,2.645077731,0.445567529,0.024155602,0.007525,0.005488,0.072666667,0.11445,0.139249734,0.090349614,0.114058926,0.102211068,0.135492152,0.1222376,18.16845328,1.44958435,11.61989797,1.379205563,1.507215187,0.10540252,0.057884443,0.076631141,0.079509432,0.448655066,0.032622713
Luxembourg,55,115302.601,62807.83164,178110.4326,10023.14,168087.2926,29.02427884,38.11571939,18.87506774,6.97200166,3.15574488,17.07253559,0.32443511,71.45976015,28.69857858,3.33008595,19.23844747,0.370502077,0.013717936,-0.000661429,-0.007197143,0.195846667,0.149641429,0.026800407,0.001421108,-38.75083243,-49.37777831,0.174255583,0.249623,,1.509552456,11.38622976,1.438750181,1.56140161,-0.074307268,0.071419851,-0.05272322,0.077553717,,0.018135631
Macau,10,53210.8,6671.550411,59882.35041,710.36,59171.99041,65.14214594,194.8623609,24.9554768,2.092746994,3.194656394,5.13288562,0.08740588,57.74432571,80.73866974,80.94825289,5.380749516,0.38937555,0.025966522,-0.08144,-0.0433375,0.167666667,0.12995,-0.049213144,0.758083251,-0.361032626,-0.029943987,0.071367712,0.05439375,25.24427897,7.610675668,18.90486779,5.34057193,5.219093142,0.228499771,0.162888948,0.140909805,0.174270032,0.731056117,0.021948926
Macedonia,1,34.9,0,34.9,0,34.9,,,,,,1.994285714,0,,,,1.994285714,,0,,,,,,,0,0,0,0.1036,,,,,1.994285714,,,0,0,,0
Malawi,7,447.42,6.56,453.98,137.3,316.68,7.828497993,7.781353325,,,1.430601579,1.320719496,0.407253748,4.45212766,3.282352941,2.678499113,1.325542356,0.523703408,0.055546337,0.18835,0.266,,,0.180643634,,0.153523831,0.066469742,0.168593548,0.21355,8.556020882,4.08229927,8.845810056,,0.968144298,0.48625,0.391034677,0.162925711,0.08480587,0.378999118,0.045143266
Malaysia,902,358311.103,200186.6839,558497.7869,77954.16,480543.6269,24.65547217,29.90908386,16.99549586,2.115430138,1.491506448,13.82766992,0.15101039,322.7923933,128.2271812,3.662437348,16.42292681,1.562625649,0.066680112,0.062796865,0.04683202,0.128673672,0.111811523,0.028531249,0.404156987,-0.834248396,-0.560127786,0.167529265,0.154267594,18.11832274,1.493215836,14.01679701,1.354386334,2.22722568,0.080859066,0.052603571,0.089928594,0.099133322,0.565404049,0.03061717
Mali,1,130.9,0,130.9,0,130.9,,,,,,,0,,,,,,0,,,,,,,,,0,,,,,,,,,,,,0
Malta,26,9361.09,3249.286425,12610.37642,1351.507,11258.86942,24.34322706,36.54967896,19.78612425,,3.379671365,13.8631377,0.064815456,227.1209728,125.1166534,3.931168897,16.36207866,0.261261175,0.010413741,0.109858333,0.121225882,-0.13,0.13007,0.196937689,0.172243524,0.056117909,0.060119826,0.187271603,0.234615833,4.959877883,1.203253393,53.09535213,1.144802232,7.07965183,0.014654845,-0.004128058,0.071691502,-0.024205839,1.26567028,0.015415042
Marshall Islands,1,962.4,3764.960007,4727.360007,538.5,4188.860007,4.826479438,,10.43378995,0.330580783,0.535499666,1.175091575,0.113911358,14.300941,6.633190827,0.846514805,5.114603183,,0.151184539,,0.109,0.146,0.0464,-0.036305121,0.053483528,-0.072803442,0.33164402,0,0.1274,,0.543391113,7.656479633,0.764864783,4.742821566,-0.036305121,0.059192944,-0.072803442,0.33164402,,0.151184539
Mauritius,68,7904.732,4080.632921,11985.36492,2026.545,9958.819921,23.56736297,22.32289895,3.806530612,,1.244675902,22.95066358,0.099200249,77.43964484,85.06702522,3.618059696,17.55749185,0.554733942,0.017979838,0.087548276,0.258160513,,,0.808006132,0.78572161,1.992622303,0.187493909,0.101538797,0.187064444,14.34290225,1.079570233,12.37514032,1.00479544,1.584177083,0.091034278,0.037399268,0.106032024,0.074162178,0.293491538,0.024748543
Mexico,115,330817.15,215815.9963,546633.1463,34337.974,512295.1723,160.7761747,69.49892656,17.40212299,1.859800659,2.334634941,2.929910772,0.093531757,53.94721831,41.69958521,1.999929154,4.84706829,0.419223979,0.0200399,0.073917059,0.105974432,0.161137778,0.142936308,0.144439629,-1.256210486,0.46559134,0.130136988,0.229846957,0.179927222,19.90409527,2.240472222,11.49007032,1.683628914,2.143435164,0.116465777,0.088579772,0.071951006,0.11572018,0.281415023,0.01462871
Moco,14,6488.51,12920.24027,19408.75027,1398.917,18009.83327,19.0832351,9.380288722,15.82872155,3.198681009,0.968625111,2.293979309,0.095628686,13.56028457,10.7080369,0.831258407,5.395122394,0.896798174,0.063524201,0.0776,0.134311111,0.0655,0.028536364,-0.020152621,-1.317136779,-0.381413013,0.142508506,0,0.255784615,,0.683318112,10.65607554,0.889077277,4.787175585,-0.030610308,0.037102323,-0.077260838,0.207944219,,0.061920302
Mongolia,2,495.3,819.9448499,1315.24485,12.1,1303.14485,,,,,2.494792976,1211.420063,0.068184564,,,1.710582289,1097.918902,,0,,-0.29,,,-0.337611513,-0.077832687,-2.366542381,-1.424504742,0,0.09025,,1.56839772,,1.153639157,21.80630606,-0.545725142,-0.096689724,-2.883868809,-1.588269243,,0
Montenegro,1,0.013,0,0.013,0,0.013,,,,,,,0,,,,,,0,,,,,,,,,0,,,,,,,,,,,,0
Morocco,71,56752.59,29131.60776,85884.19776,5041.16,80843.03776,19.75195815,18.52288533,18.17720449,3.976386778,2.769698949,30.60258128,0.039438884,15.47715423,10.84420021,27.34228947,32.09976503,0.370793677,0.01588844,0.005175532,0.032679815,0.06175,0.071938276,0.121813091,0.085063841,0.076498231,0.109842541,0.253280687,0.164617917,22.86289616,2.907233615,20.84878974,1.917208274,3.64177431,0.138949692,0.064922728,0.12218946,0.129558724,0.727497548,0.03477036
Mozambique,1,1.51,3.181852808,4.691852808,4.06,0.631852808,,,,,0.113533835,0.081621622,0.865329789,,,0.050866229,0.034154206,,0,,0.0638,,,-0.283892617,-0.186003965,-0.457297297,-0.268668679,0,0.2902,,0.050671141,,0.023645546,0.034154206,-0.283892617,-0.400131175,-0.457297297,-0.268668679,,0
mibia,5,2259.2,465.2009012,2724.400901,382.97,2341.430901,11.13521729,11.02527577,9.42141844,,1.840483544,2.635239827,0.131361863,262.5823893,139.1209133,1.904572433,2.889298251,0.388859922,0.034605023,0.1269,0.13638,,0.109,0.205868774,0.095359056,0.262709863,0.133516518,0.226242368,0.19634,10.74274845,2.642957417,22.75443052,2.391086838,2.607093755,0.249532054,0.095973648,0.237501392,0.10217105,0.370698547,0.034999115
Netherlands,142,804535.522,590407.2081,1394942.73,125029.169,1269913.561,51.94727923,30.02522308,21.43630346,3.396164823,3.377273889,19.0525965,0.15237697,167.8720777,33.42757109,8.499637102,29.32852726,0.623395984,1.749212561,0.025552319,0.040427368,0.14995814,0.064644667,-0.058715903,-0.212661319,-0.147549087,-0.462016623,0.139657129,0.375859669,30.13487813,1.958101706,14.99000855,1.747726234,1.650575962,0.070786922,0.050366122,0.037802834,0.056305864,0.791951514,0.028629672
Netherlands Antilles,1,2.93,0.082,3.012,0.001,3.011,,,,,,,0.000332005,,,,,,0,,,,,,,,,0,0.029,,,,,,,,,,,0
New Zealand,136,78115.255,32768.99053,110884.2455,2313.903,108570.3425,23.29910812,48.10967406,17.23561804,3.880931743,4.780669031,27.65298764,0.061817526,51.11532587,147.5009027,13.92260317,26.76809949,0.513421978,0.043091155,0.169348077,0.133765,-0.029350441,0.129549868,-0.100418196,-0.318943077,0.748280472,-2.282539604,0.144235612,0.222358425,16.92468081,1.978960813,12.07243376,1.738789863,1.914429528,0.112983689,0.095253559,0.078639834,0.11884506,0.740081798,0.042253071
Nicaragua,1,2.5,0,2.5,0,2.5,,,,,,,0,,,,,,0,,,,,,,,,0,,,,,,,,,,,,0
Niger,1,142.9,0,142.9,0,142.9,14.82365145,13.23148148,,,,4.979094077,0,,,,4.979094077,0,0,0.186,0.173,,,,,0.354098361,0,0.190298507,,14.82365145,,,,4.685245902,,,0.354098361,0,0,0
Nigeria,143,29283.365,20491.40389,49774.76889,13617.232,36157.53689,18.91806038,39.69028563,17.84552987,0.492428026,3.435365467,1.029869137,0.292229065,34.36429677,23.1131571,2.389516537,1.601114854,1.226272136,0.029270087,0.020241224,0.06669506,0.139733333,0.121789189,0.009490412,0.100890988,-0.149537457,0.009302524,0.140600772,0.096939403,8.397569172,0.983437894,8.672213541,1.122940796,1.79242782,0.059404611,0.049570673,0.087687368,0.070259878,0.788595386,0.04763514
Norway,188,235962.769,330845.2862,566808.0552,48045.58,518762.4752,31.5540879,19.70776329,21.94897471,1.979264653,2.194742449,181.7310481,0.100034178,219.8170342,400.5173405,10.96855861,156.9492983,0.821925821,0.04104912,0.190430278,0.092934234,0.404917143,0.137209174,0.071366566,-1.560182955,-31.24710994,-29.40066872,0.116644412,0.336544941,143.964975,1.60396774,13.66867021,1.22913255,2.900706581,0.063013284,0.051790828,0.051834059,0.127184849,0.942341148,0.037020701
Oman,69,21115.81,14813.85899,35929.66899,11610.526,24319.14299,14.04364183,25.58033809,9.912514177,0.813980905,1.380852463,4.494108261,0.148609242,27.99971599,248.9172143,1.341546601,6.132365031,1.495521043,0.047760538,0.054087442,0.056632909,0.211,0.026770667,0.095614127,0.105266274,0.111953641,0.035059167,0.105461759,0.209089107,12.70908242,1.281390901,10.86872557,1.359154623,1.764816233,0.105370409,0.066901838,0.126007385,0.102632136,0.615233993,0.050591476
Pakistan,432,93339.037,34598.60484,127937.6418,14499.861,113437.7808,47.64248315,37.02595475,11.89514334,1.126225595,2.734638402,6.456362428,0.062015897,34.25559953,204.0216424,2.651805549,7.684289658,0.526375756,0.025006259,0.109617282,0.035309726,0.142580645,0.09302875,0.295454517,0.089644355,-0.892208101,-0.115213503,0.169129596,0.110354663,14.93621272,2.548774403,13.09145604,1.923995291,1.771494076,0.168009848,0.09715201,0.096083461,0.094769938,0.558940731,0.036844197
Palestinian Authority,28,2769.95,395.166,3165.116,1925.273,1239.843,35.19689876,39.05167981,,,1.150357548,5.076352671,0.480509378,50.98628325,81.36813611,1.124379533,5.368699092,0.487456642,0.030002502,0.0918,0.0683375,,,0.093129962,0.091803233,0.012344269,0.043344233,0.143807406,0.046545,12.09669671,1.359124453,4.413682011,1.916247821,0.698921664,0.123256168,0.252748853,0.141606494,0.105672862,0.551821052,0.050043503
Pama,6,5364.73,17137.3415,22502.0715,1317.79,21184.2815,6.195392984,8.600451789,11.91869115,,1.531394052,2.401950246,0.048628986,58.5033795,438.6219471,2.254502679,8.264542641,0.518505582,0.025563758,0.0584,-0.019075,,0.0266,-0.228068927,0.037433859,0.125615892,0.163563227,0.025771753,0.334625,-242.221871,1.454231552,16.59949969,1.058291906,4.884096809,0.000597986,0.049081057,0.0005086,0.306351063,109.8368087,0.045165367
Papua New Guinea,4,8114.7,4523.468977,12638.16898,829.36,11808.80898,75.33333333,18.80484115,37.53623188,10.74655254,1.625882315,15.60928222,0.125522231,895.4939562,68.37875375,2.121304059,14.33181261,0.605143722,0.012867847,,0.0259,0.08505,0.01145,-0.288727023,-0.10599828,-0.591886885,-0.213374723,0.098148148,0.381925,,1.556896452,10.20340521,1.31747823,8.838730403,-0.06110397,-0.006619781,-0.238377881,-0.041834536,,0.019261341
Peru,66,70195.36,39217.05089,109412.4109,22690.29,86722.12089,24.26459631,13.29666645,13.51591966,2.746193644,1.723955335,2.94407934,0.11422611,43.43920444,9.619147522,1.722571554,3.351537517,0.365386896,0.02592381,0.007021739,0.053533103,0.15,0.073487333,0.122141658,0.081191128,0.15868742,0.09979731,0.220404828,0.137960556,22.96223967,1.898862906,14.92597964,1.45199496,2.112870754,0.111385112,0.068754719,0.100319413,0.08948703,0.388371905,0.022781449
Philippines,237,233303.715,141228.8567,374532.5717,43199.469,331333.1027,68.91697273,43.77824718,16.67964118,1.544719068,5.794761573,48.7057205,0.123049963,231.2280105,139.6787019,27.53964226,55.96598482,0.259509007,0.01183127,0.141044836,0.247455976,0.13398549,0.11724303,0.076618236,0.24900608,-0.189579239,-0.044952188,0.172847138,0.106886747,18.76513503,2.036990077,11.74802978,1.673982784,2.366932043,0.123279409,0.090643686,0.100865872,0.155469115,0.301378259,0.018239526
Poland,793,135134.222,82026.65216,217160.8742,22101.246,195059.6282,55.4628764,41.96843808,19.33754695,4.168018283,6.696480052,86.33048682,0.077627709,62.33895587,75.45497869,3.954456018,94.56709426,0.537627584,0.022133591,0.096411264,0.091747668,-0.06742,0.132746667,-0.082685803,-2.11994E+15,-11.73797093,-4.333972444,0.113184636,0.283260358,39.45316233,1.119559735,11.76887707,1.096886543,1.258353742,0.035009676,0.0484497,0.027260983,0.055016682,1.171094914,0.036621229
Portugal,49,52510.091,69229.04569,121739.1367,10943.282,110795.8547,13.55047085,80.05994052,13.20807082,3.906192151,1.290053735,0.71925724,0.09467233,20.32377096,12.11262871,5.473658332,3.198786076,2.267121311,0.040387846,0.062292,-0.03132186,0.059511429,0.016042,0.737378249,0.507792195,-0.37498429,-0.135665607,0.164692275,0.248158372,,1.361983625,11.33616366,1.211445905,1.424504721,-0.049607995,0.05329341,-0.02459025,0.064994679,,0.054519892
Qatar,44,154714.9,97536.68934,252251.5893,40010.158,212241.4313,14.38866616,20.49953948,13.34836473,1.858526416,1.57425494,1463.164907,0.165496625,427.7149639,555.3424255,2.044429152,1448.041572,0.599217599,0.030151191,0.068659474,0.086732619,-0.0299375,0.02915,0.10831973,0.103442065,3.278093291,0.049052899,0.0074229,0.121424324,12.94726527,1.66498319,23.9527439,1.53376463,5.661556024,0.117670561,0.028418441,0.291672682,0.121164045,0.452824823,0.032002816
Reunion,1,56.9,98.58608791,155.4860879,2.91,152.5760879,,17.50769231,,,1.267260579,0.600844773,0.018715501,17.94425406,7.360158606,1.085363024,1.611151931,0,0,-0.0936,0.0835,,,0.079268293,0.040533684,0.027659574,0.072364106,0.304068522,0.01,-8.647416413,1.387804878,18.31645713,1.045141288,1.298519897,0.079268293,0.060485268,0.027659574,0.072364106,0,0
Romania,73,17418.275,3341.807218,20760.08222,3543.151,17216.93122,16.51276632,11.5074112,10.30029392,,0.828883046,1.693189496,0.174959964,21.91296723,8.244110692,1.671228449,2.922752246,0.385020411,0.024038564,0.067066667,0.007978679,,-0.0011625,-0.125593733,0.079582373,-2.027069205,-1.925074798,0.125095219,0.153367097,9.702785176,0.779131059,4.165645931,0.772983213,1.177112339,0.049258216,0.077827835,0.075289683,0.125799152,0.825275014,0.052175528
Russia,205,380780.728,279576.6842,660357.4122,104656.971,555700.4412,413.62999,45.10811742,8.314875992,0.927957724,6.655569812,7.161299337,0.102187152,62.83798552,35.44978004,2.957347263,8.758750741,0.315889229,0.019308397,0.107423784,0.098528931,0.17444,0.100894146,-0.09422086,0.059352152,-0.118939959,-0.099463313,0.147538434,0.125739122,9.634127223,0.765705529,6.829619361,0.810078381,1.217505445,0.090112272,0.086789576,0.098180963,0.124096254,0.247000026,0.029068268
Saint Lucia,1,0.943,0,0.943,0,0.943,,,,,,,0,,,,,,0,,,,,,,,,0,0.0458,,,,,,,,,,,0
Saudi Arabia,170,447340.8,204196.2912,651537.0912,72187.01,579350.0812,79.86505727,24.30109813,21.87601718,1.945645437,2.079532133,5.544475714,0.149355839,150.4657365,134.3804398,2.251179126,5.79614275,0.513728092,0.025181568,0.074589136,0.072349762,0.096785714,0.031165974,0.079981909,0.068065905,-0.117246481,-0.06603212,0.060271569,0.088172963,16.84345853,1.774029905,15.08354544,1.680496743,3.48430315,0.100659793,0.045799598,0.152654099,0.113324553,0.597812489,0.033920331
Senegal,4,4226,287.97,4513.97,415.6,4098.37,18.35472978,25.3520808,12.56329114,3.086131841,2.96765466,2.046514262,0.024421201,11.06134712,6.437810192,3.157650802,2.057522857,0.291744258,0.017758186,0.0575,0.0726,0.04,0.0437,0.360160966,0.486077791,0.097630981,0.128111593,0.176800313,0.0218,12.74273308,4.723898949,5.186497089,5.297789555,1.946784154,0.369651241,0.609018706,0.157082462,0.265532966,0.852762406,0.066729768
Serbia,62,2488.187,1308.669951,3796.856951,961.194,2835.662951,9.274978146,10.0962086,9.724319698,,0.688193158,3.5188026,0.05538542,9.078064984,6.382200013,0.899122265,3.820558817,0.544677985,0.010364245,-0.0392,0.1762175,,-0.03127,0.035953607,0.051729724,-0.068162123,0.031447193,0.010160165,0.12171475,16.75998249,0.676431873,5.979383753,0.697772666,0.926759926,0.025878099,0.069804236,0.031110283,0.085363496,1.22707007,0.046943739
Singapore,568,453487.776,314078.9879,767566.7639,98039.223,669527.5409,35.85628139,23.15234969,17.32983439,3.326840542,1.56146258,22.54099326,0.255417911,43.00495956,88.4226766,8.013778163,27.22814598,0.510416474,0.030822277,0.018565943,-0.001572766,0.070249333,0.105536985,-0.06192471,0.710223526,-14.60515884,-3.124140985,0.112809614,0.137705597,18.87607512,1.330229736,17.70644979,1.284234176,2.13360734,0.064953144,0.039157908,0.07056432,0.075175693,0.601533432,0.029371985
Slovakia,11,5189.005,3427.466051,8616.471051,484.23,8132.241051,11.12438935,26.1664598,,,0.961514605,1.607099244,0.054485387,3405.388698,2474.896609,89.9570566,2.530505393,0.806962988,0.037398482,-0.0728125,0.05574,,,0.093084199,4.221613247,0.097465246,0.102363013,0.174570398,0.103,9.738154801,1.572187547,12.27322827,1.373073327,1.54221841,0.154391759,0.065563136,0.096636122,0.079755245,0.723949605,0.071093206
Slovenia,30,5189.741,3528.883458,8718.624458,403.223,8315.401458,25.20808351,16.25539221,13.05085134,1.781246759,0.548899575,16.11815898,0.054550028,20.32127444,6.413107188,0.673224314,19.07852389,0.960727362,0.026011645,0.010623077,0.043842857,0.22672,0.025362857,0.049864305,0.051094904,-3.093735138,-9.866196586,0.079023185,0.425761852,10.12833969,0.808106538,6.681097992,0.880692524,0.623331616,0.062747077,0.063343621,0.030206923,0.045584541,0.770804014,0.059850646
South Africa,273,443204.765,165150.5746,608355.3396,54177.665,554177.6746,21.71343406,22.12846447,14.66573707,1.668461381,2.544934628,10.78103729,0.114693701,51.55883489,492.2900237,2.758849776,11.26867075,0.492975493,0.028516202,0.155727181,0.133018543,0.147272941,0.139161842,0.163846131,0.206332591,-0.53400745,-0.266043005,0.197659805,0.459941203,17.79893782,2.092545449,15.06778669,1.830803751,2.025995204,0.113726512,0.082517361,0.088060395,0.094083769,0.539799609,0.029337249
South Korea,1928,1158011.249,1199726.503,2357737.752,224812.8,2132924.952,85.35152452,102.8916134,16.66496478,1.847756869,4.938717896,3.548617358,0.109730251,80.98285967,47.03290438,7.539691889,3.903857915,0.231471618,0.007387786,0.045206372,0.029467274,0.230804094,0.119289895,-0.009843853,0.027348619,-0.031115562,0.000838056,0.1434947,0.121027161,13.68594148,1.064737951,10.30499905,1.101817325,1.05197052,0.07991249,0.065588922,0.042865974,0.074436498,0.195653771,0.014684533
Spain,167,658610.269,1045223.649,1703833.918,102933.957,1600899.961,59.76003722,47.42474242,18.54562227,2.452487428,3.257150887,9.186331829,0.06732365,313.8404484,37.82588717,3.974169309,12.4338045,0.251955312,0.012876016,0.071925075,-0.00487713,0.232818182,0.081040337,-0.019472866,0.133765244,0.434785545,-0.127785155,0.152632064,0.226987051,19.63092555,1.416351711,24.15609514,1.191843174,3.327262002,0.057749694,0.030577324,0.055812295,0.086933703,0.73604773,0.030011283
Sri Lanka,256,15955.91,15431.17066,31387.08066,2208.822,29178.25866,66.82168917,12.48509045,9.721850387,0.508895824,1.356112938,3.818426484,0.075195114,86.59034415,60.07666159,1.233881548,4.643927035,0.345710715,0.025727491,0.14313625,0.116035405,0.27,0.155147619,0.092296558,0.065140338,0.225078831,0.0713162,0.17006369,0.134763547,11.62784986,1.325106652,14.11632422,1.285503597,1.772995548,0.123254217,0.053703376,0.090182196,0.089711726,0.346480924,0.032227772
Sudan,2,215.6,271.8,487.4,58.9,428.5,3.389212579,3.213927712,,,0.290075758,1.109278887,0.416879177,4.949232586,2.516206483,0.314768985,0.687510897,0,0,0.4301,0.0772,,,0.086389548,0.036927687,0.292484306,0.088970588,0.226165669,0.0683,2.941336971,0.287850467,2.679799875,0.416302341,0.854777578,0.095861148,0.095393625,0.143227608,0.168960702,0,0
Sweden,661,674782.972,902607.7829,1577390.755,198975.731,1378415.024,64.13072191,57.00629215,22.99678954,3.382716676,6.107749094,69.26093141,0.079236376,303.0785327,48.2534564,25.90872936,65.38208795,0.492369476,0.013188437,0.149915449,0.097394174,0.14742234,0.148387976,-0.911904118,-0.846971188,-7.274749745,-6.683848048,0.100263211,0.260239283,16.97565303,2.169161005,27.01700657,1.281426932,3.400962898,0.139688014,0.044263045,0.107214461,0.108253325,0.523785124,0.033730324
Switzerland,274,1572885.698,1145561.193,2718446.891,385788.946,2332657.945,60.99728041,32.49030376,23.18968835,38.15248992,2.838388359,19.53130667,0.15527098,557.5114922,632.7361332,3.384750111,18.52422591,0.536421773,0.017805986,0.021522876,0.016524593,0.099274432,0.060062188,0.057183194,-0.078897884,-0.665506159,-0.12229895,0.131632654,0.233558233,36.34684262,2.091191232,17.86708383,1.638804464,2.201582986,0.121443594,0.066756207,0.086210869,0.090718864,0.50378389,0.029256686
Taiwan,1820,927241.34,514915.0576,1442156.398,213409.788,1228746.61,50.04190385,42.65299205,15.98387468,2.078304295,1.868610185,25.63430718,0.196368963,138.4379086,91.81174244,2.899254908,24.52295587,1.347487419,0.034234141,0.056613237,0.002779358,0.108948137,0.100914176,0.04828559,0.179210217,-1.929629217,-2.082446873,0.146902577,0.104222162,16.77378242,1.717751133,13.35652416,1.50369264,1.232464434,0.10080813,0.077084288,0.054580833,0.07053378,0.682829951,0.040072633
Tanzania,14,3381.486,496.9268935,3878.412893,162.239,3716.173893,13.41136842,11.69512762,10.27465758,,2.621261191,2.355589851,0.097556427,52.54866839,36.77125195,3.183559605,2.320544824,0.401925721,0.03505682,0.06334,0.11758,,0.0959,0.279522645,0.146638107,0.188043314,0.156326004,0.20112985,0.205971429,11.16643221,3.586097993,12.37928231,3.153742161,2.880397697,0.312374131,0.193364385,0.228305792,0.190183095,0.647426082,0.056395324
Thailand,620,426558.435,184125.3998,610683.8348,33418.761,577265.0738,239.8813731,45.02226088,24.11618253,2.233822101,2.708720811,4.370385894,0.062833068,172.554967,85.33609817,2.311991454,5.615954506,0.660491412,0.027174648,0.042599325,0.046960766,0.146652069,0.120077566,0.097188817,8.232521957,-2.271861888,-0.817686604,0.133780702,0.101089811,22.1778686,2.305533712,14.75718699,1.847547416,1.995820209,0.132399013,0.06196403,0.084691132,0.078680733,0.545267742,0.031312884
Togo,1,812.9,1582.5,2395.4,1372.7,1022.7,12.41068702,,4.25,,0.403664713,0.516487706,0.573056692,,,0.459929843,0.649787153,,0.056341493,,0.0712,,-0.0557,-0.008934708,0,-0.01620591,0,0.5,0.4047,,0.328643622,,0.472356935,0.749945003,-0.008934708,0,-0.01620591,0,,0.056341493
Trinidad & Tobago,18,11867.58,1976.907294,13844.48729,3345.89,10498.59729,14.72254408,18.1600213,8.234042553,,3.376578237,3.945839842,0.177857073,180.7636195,57.14470863,5.777258156,3.695996264,0.484493533,0.029110223,-0.003395455,0.036085333,,,0.175042326,0.382903739,0.33030726,0.187168496,0.203155149,0.22810625,15.09756901,1.812342323,17.61722438,2.170535661,2.769274693,0.107584985,0.094551615,0.185826805,0.129834755,0.608514836,0.0361229
Tunisia,79,8424.52,2297.55,10722.07,236.953,10485.117,118.5190467,15.88601013,19.76837103,,1.909595091,1.747933167,0.022130107,18.07297262,9.821610371,2.519348103,2.894041972,0.554665522,0.033179167,0.076975263,0.080159423,,0.075354634,0.059527615,0.077511382,0.102092522,0.117579971,0.121403471,0.032708077,15.35150107,5.713437006,14.39174059,3.142512003,1.755139732,0.363975829,0.117996192,0.089837712,0.071036751,0.641291183,0.040853604
Turkey,402,173736.249,274714.4839,448450.7329,48164.657,400286.0759,22.60260855,58.62545232,41.72107469,0.930832481,1.643870214,8.164693465,0.121392564,69.64265192,192.1084293,1.586519298,59.98477922,0.441424027,0.025633127,0.115896864,0.067905987,0.100194286,0.140638493,0.01801942,0.037609127,7.996159489,-1.02697938,0.107654424,0.087259167,10.28288725,1.206113411,19.73905452,1.123333472,1.839538036,0.139597979,0.032401409,0.092410158,0.060125883,0.35816769,0.041455045
Turks & Caicos Islands,1,0.115,0.012,0.127,0.031,0.096,0.123126338,0.127071823,,,0.026932084,0.016763848,0.244094488,0.10584344,0.081355932,0.022582922,0.013994169,0.767955801,6.043478261,,,,,0.222906404,0.223069356,0.134272997,0.134569733,0,0.0587,0.123126338,0.028325123,0.079338843,0.023610428,0.014243323,0.222906404,0.213361562,0.134272997,0.134569733,0.767955801,6.043478261
Uganda,6,784.51,358.5139868,1143.023987,346.92,796.1039868,8.117175647,7.537262371,4.857142857,,1.345844706,1.915155599,0.230845015,5.471852869,454.7657954,4.425787152,1.760223377,0.371071547,0.047677345,0.0939,0.064666667,,0.117,0.236358847,0.073762374,0.2491234,0.014838954,0.323675715,0.248283333,7.8046718,2.02193299,10.20724654,2.54541508,1.236455109,0.288190722,0.124015863,0.173668189,0.098454948,0.313375306,0.044666097
Ukraine,14,2093.26,1628.567557,3721.827557,1042.3,2679.527557,33.5910142,9.875577632,1.499126638,,0.632824703,2.437224428,0.538594007,3.121336367,2.482105692,0.803642967,2.955383325,0.019751142,0.002025702,0.02274,0.04643125,,0.011566667,-0.068059837,0.085913553,-3.17232331,-0.146839985,0.060443305,0.14856,19.49685183,0.863805554,3.956785987,0.776117299,0.842420045,0.069723518,0.164868539,0.053119862,0.165840286,0.128047301,0.010335553
United Arab Emirates,96,213568.89,136065.2284,349634.1184,82255.425,267378.6934,19.77483024,15.20118364,18.95604438,2.559753622,1.668122695,4.888927654,0.179575479,178.3446692,106.4537495,2.00267465,5.084739961,0.492207963,0.033809304,0.104556735,0.053876364,0.060188235,0.043257105,0.045249847,0.092759034,0.213282785,0.074437285,0.010507133,0.112733971,12.70333365,1.431588544,16.03720481,1.358027889,3.683448034,0.115240407,0.050382992,0.236838504,0.147994944,0.574505697,0.046246717
United Kingdom,1280,2926906.548,3283427.905,6210334.453,856808.125,5353526.328,37.94637487,39.09770232,23.19799412,4.110096972,4.152033609,55.33837224,0.136162593,82.29937891,74.11848023,15.85500218,53.04769291,0.899240542,0.018953331,0.108125967,0.090027479,0.093481362,0.771026602,-0.215325497,-0.505631663,-5.316133768,-5.235503072,0.103056464,0.561457195,28.09639905,1.727675022,16.6571212,1.342393319,2.454337262,0.039506988,0.048568583,0.030684216,0.082714895,1.490962807,0.034094057
United States,7330,25474727.43,17265972.73,42740700.16,2102289.469,40638410.69,114.1469929,77.3037423,46.10673589,11.58007387,37.00956634,388.3768672,0.129937465,1027.454668,378.680436,32.14071896,398.7867863,0.7042029,0.011231221,0.096457519,0.083621865,0.121528102,0.186319836,-0.690488929,-3.0201E+13,-14.47946741,-11.82766837,0.104353396,0.471279412,30.08243701,3.018630116,18.14237268,1.982116166,2.888101082,0.103790009,0.068275221,0.062248784,0.103224577,0.560906496,0.019285732
Uruguay,1,1137.8,1237.649811,2375.449811,112.2,2263.249811,,18.00316456,14.95844875,,3.367268423,0.372719232,0.04723316,12.87619801,5.62158423,1.546622546,0.741392803,0,0,-0.106,-0.0414,0.162,0.0133,0.20892562,0.057403469,0.021895029,0.060893829,0.496425735,0.4539,-22.0503876,3.761322314,10.64557766,1.467784356,0.784081002,0.20892562,0.120114846,0.021895029,0.060893829,0,0
Venezuela,17,417194.2,6161.5,423355.7,16411.1,406944.6,38.25046888,53.62303067,,,9.942277738,10.39654835,0.018886702,,,12.63094728,9.642491311,0.036128775,8.88248E-05,0.5,0.694,,,0.215007958,-0.000773669,0.252523503,0,0.068513955,0.010106667,63.0536084,8.952569178,,13.89162985,18.61228578,0.10310619,-0.000717129,0.219755492,-0.00224567,0.04155303,0.000478564
Vietm,658,69792.35,28915.52322,98707.87322,21455.998,77251.87522,33.50707509,15.77860957,14.33616746,0.857949034,1.323091705,1.553957997,0.105823098,27.26120971,21.80008928,1.378885154,1.897043644,0.377425265,0.020038824,0.072706695,0.072061084,0.16475,0.151420526,0.190576483,0.160344751,0.07138208,0.071446049,0.103055293,0.11015529,15.218876,2.154148171,13.43117282,2.014753027,1.541261475,0.132070949,0.091217802,0.085370306,0.085390588,0.43102486,0.026426159
Zambia,12,941.77,339.00022,1280.77022,110.423,1170.34722,14.52529191,14.3773827,,,0.629484393,1.703185327,0.079665102,4.956309564,6.948849206,0.64936338,1.864293999,0.357942023,0.053690486,-0.037783333,0.052457143,,0.0887,-0.041309954,1.737882435,-0.632962564,-0.896523478,0.183006609,0.13008875,,0.442083275,,0.544266481,0.622886259,-0.118096512,-0.051284672,-0.133897313,-0.058814442,,0.079365875
Zimbabwe,10,1948.7,199.2899973,2147.989997,260.774,1887.215997,14.27348315,16.08865638,16.8245283,0.536319434,3.942646809,2.061082432,0.123333595,45.639983,40.17149807,4.649599678,2.087961863,0.569150722,0.026361674,-0.121966667,0.0276,0.052,-0.018866667,0.278210945,0.273570971,0.146610832,0.148729267,0.205783588,0.20353625,15.00257909,2.544160846,8.258428133,2.606644739,1.430142465,0.155310399,0.210140739,0.09014853,0.13186602,0.606674512,0.037034946
